{
  "北海道札幌市中央区南3条西12丁目325-5": [
    43.055187,
    141.339737
  ],
  "北海道札幌市中央区南6条西20丁目1-14": [
    43.050816,
    141.327469
  ],
  "北海道札幌市中央区北3条東6丁目356-3": [
    43.067131,
    141.364624
  ],
  "北海道札幌市中央区南11条西12丁目2-12": [
    43.044334,
    141.340958
  ],
  "北海道札幌市中央区南2条西7丁目9-5": [
    43.057392,
    141.347229
  ],
  "北海道札幌市中央区南3条東3丁目5-1": [
    43.058113,
    141.360901
  ],
  "北海道札幌市中央区北5条西9丁目17-3": [
    43.065899,
    141.342056
  ],
  "北海道札幌市中央区南6条東2丁目2-2": [
    43.054703,
    141.360153
  ],
  "北海道札幌市中央区南14条西1丁目1-8": [
    43.042061,
    141.357437
  ],
  "北海道札幌市中央区南14条西6丁目2-8": [
    43.041824,
    141.351349
  ],
  "北海道札幌市中央区南7条西2丁目2-30": [
    43.052048,
    141.356903
  ],
  "北海道札幌市中央区北1条東13丁目2-2": [
    43.066547,
    141.378494
  ],
  "北海道札幌市中央区南16条西5丁目2-3": [
    43.038563,
    141.354187
  ],
  "北海道札幌市中央区南8条西13丁目4-25": [
    43.048485,
    141.337799
  ],
  "北海道札幌市中央区南5条東3丁目10-1": [
    43.056194,
    141.362167
  ],
  "北海道札幌市中央区南2条西12丁目323番地9": [
    43.056335,
    141.339447
  ],
  "北海道札幌市中央区北6条西25丁目3-23": [
    43.064137,
    141.317917
  ],
  "北海道札幌市中央区南2条東2丁目5-1": [
    43.059292,
    141.358994
  ],
  "北海道札幌市中央区南4条東2丁目7": [
    43.057053,
    141.359558
  ],
  "北海道札幌市中央区南6条西26丁目4-10": [
    43.04895,
    141.319778
  ],
  "北海道札幌市中央区南4条西13丁目1-38": [
    43.054577,
    141.338074
  ],
  "北海道札幌市中央区南6条東2丁目6-1": [
    43.054928,
    141.360886
  ],
  "北海道札幌市中央区大通西14丁目3-44": [
    43.058483,
    141.335678
  ],
  "北海道札幌市中央区北7条西19丁目38-73": [
    43.066612,
    141.325562
  ],
  "北海道札幌市中央区南1条西17丁目1-14": [
    43.056427,
    141.33136
  ],
  "北海道札幌市中央区南6条西15丁目1-10": [
    43.051342,
    141.334641
  ],
  "北海道札幌市中央区南8条西3丁目6-1": [
    43.051437,
    141.355453
  ],
  "北海道札幌市中央区大通東5丁目4-5": [
    43.063457,
    141.363724
  ],
  "北海道札幌市中央区大通東7丁目12-22": [
    43.06316,
    141.36702
  ],
  "北海道札幌市中央区南13条西8丁目1-35": [
    43.043377,
    141.347473
  ],
  "北海道札幌市中央区南8条西1丁目6-1": [
    43.050491,
    141.358505
  ],
  "北海道札幌市中央区北4条西13丁目1-27": [
    43.064404,
    141.335388
  ],
  "北海道札幌市中央区南11条西1丁目2-15": [
    43.045238,
    141.357559
  ],
  "北海道札幌市中央区大通西23丁目1-22": [
    43.056786,
    141.322327
  ],
  "北海道札幌市中央区北13条西16丁目3-10": [
    43.073956,
    141.329086
  ],
  "北海道札幌市中央区南8条西6丁目423-78": [
    43.050274,
    141.350769
  ],
  "北海道札幌市中央区北1条西8丁目2-49": [
    43.060818,
    141.344772
  ],
  "北海道札幌市中央区南20条西13丁目1-3": [
    43.032948,
    141.34108
  ],
  "北海道札幌市中央区南7条西12丁目1-1": [
    43.051128,
    141.340759
  ],
  "北海道札幌市中央区南6条西11丁目1284-11": [
    43.051575,
    141.341553
  ],
  "北海道札幌市中央区南5条西12丁目1299-55": [
    43.052891,
    141.339645
  ],
  "北海道札幌市中央区南24条西15丁目1-11": [
    43.026543,
    141.338837
  ],
  "北海道札幌市中央区南8条西10丁目1278-19": [
    43.049366,
    141.343277
  ],
  "北海道札幌市中央区南3条東1丁目1-9": [
    43.057751,
    141.358597
  ],
  "北海道札幌市中央区南5条東3丁目11-1": [
    43.056194,
    141.362167
  ],
  "北海道札幌市中央区北2条西25丁目1-2": [
    43.05909,
    141.319504
  ],
  "北海道札幌市中央区南2条東5丁目1-11": [
    43.059933,
    141.363678
  ],
  "北海道札幌市中央区南6条西13丁目4-34": [
    43.051502,
    141.338409
  ],
  "北海道札幌市中央区南5条西12丁目1297-22": [
    43.053322,
    141.339447
  ],
  "北海道札幌市中央区南8条西12丁目2-7": [
    43.049236,
    141.339478
  ],
  "北海道札幌市中央区南5条西12丁目1303-22": [
    43.052895,
    141.33876
  ],
  "北海道札幌市中央区北1条東2丁目5-4": [
    43.063587,
    141.358719
  ],
  "北海道札幌市中央区南11条西1丁目2-12": [
    43.045006,
    141.35762
  ],
  "北海道札幌市中央区南4条東4丁目1-28": [
    43.057377,
    141.362686
  ],
  "北海道札幌市中央区南1条西14丁目1-221": [
    43.057056,
    141.336029
  ],
  "北海道札幌市中央区北5条西17丁目4-12": [
    43.064514,
    141.329712
  ],
  "北海道札幌市中央区北4条西12丁目1-38": [
    43.064407,
    141.337402
  ],
  "北海道札幌市中央区南13条西1丁目1-3": [
    43.043732,
    141.357849
  ]
}